{"loss": 0.23951682448387146, "lr": 0.00096875, "epoch": 1, "_timestamp": 1692202621.128695, "_runtime": 1593.0607659816742, "_step": 1440, "train_samples": {"_type": "images/separated", "width": 16, "height": 16, "format": "png", "count": 30, "filenames": ["media/images/train_samples_894_678c7fa07c25d30dd8e3.png", "media/images/train_samples_894_e3f6460cb49c21eff567.png", "media/images/train_samples_894_ea0694fa9380b0c013df.png", "media/images/train_samples_894_23563d7c854810fe2bad.png", "media/images/train_samples_894_90ec673a3601914ed7f0.png", "media/images/train_samples_894_adeb37cfa7c6a8d1f981.png", "media/images/train_samples_894_694663ed732dcb944b6e.png", "media/images/train_samples_894_86ce578ca4282b3cf9f2.png", "media/images/train_samples_894_792afcbf7a652cf1a345.png", "media/images/train_samples_894_2e3fed045523324167af.png", "media/images/train_samples_894_0b7f450226163bd10ed8.png", "media/images/train_samples_894_cd85f03a2a23d190c137.png", "media/images/train_samples_894_4cfe5a8a2bbf3178a2b0.png", "media/images/train_samples_894_8c32fa75e9c9c2e47f65.png", "media/images/train_samples_894_3dd45c36b8c72082e156.png", "media/images/train_samples_894_c519d8a78a4d5376c4b1.png", "media/images/train_samples_894_ee66b2527d00a75439d2.png", "media/images/train_samples_894_fef94ae038d7dd667042.png", "media/images/train_samples_894_88e6ed7a06c856b485d8.png", "media/images/train_samples_894_91a2320e50487f0d64cb.png", "media/images/train_samples_894_af4fe06b3c8995d135b8.png", "media/images/train_samples_894_c176a8abb2190481c880.png", "media/images/train_samples_894_4ce3cc0eca3ba8dbb4f1.png", "media/images/train_samples_894_fcec47b063bffdf8ba7f.png", "media/images/train_samples_894_93316d79ce2f288d1826.png", "media/images/train_samples_894_e479c92644c7e5bd7e9d.png", "media/images/train_samples_894_742e3d042aa461304c4c.png", "media/images/train_samples_894_1081360c0baec32784b7.png", "media/images/train_samples_894_f3ce759ecfa8caee3c11.png", "media/images/train_samples_894_7e20874eed83ce6c6a44.png"]}, "_wandb": {"runtime": 1592}}